,hex9,color,fuzzy
1437,891fa492423ffff,"[69, 5, 88]",0.9822090270865946
2056,8919694a483ffff,"[68, 1, 84]",0.9944380489827517
2428,8919694e4cfffff,"[68, 3, 87]",0.9847388067755273
4702,8919694a1bbffff,"[69, 5, 88]",0.9814864074058827
4851,8919694801bffff,"[68, 2, 85]",0.9875610304311153
7349,891969613d7ffff,"[69, 5, 88]",0.9804963973917231
12350,89196b33113ffff,"[69, 5, 88]",0.9807949911969218
