,hex9,color,fuzzy
1437,891f160846fffff,"[69, 5, 88]",0.9822090270865946
2056,891f160a83bffff,"[68, 1, 84]",0.9944380489827517
2428,891f160b453ffff,"[68, 3, 87]",0.9847388067755273
4702,891f16196a3ffff,"[69, 5, 88]",0.9814864074058827
4851,891f1619b7bffff,"[68, 2, 85]",0.9875610304311153
7349,891f1655cabffff,"[69, 5, 88]",0.9804963973917231
12350,891f16cc097ffff,"[69, 5, 88]",0.9807949911969218
