,hex9,color,fuzzy
493,891f160150fffff,"[68, 2, 85]",0.9903876058602133
723,891f1602237ffff,"[68, 1, 84]",0.9913471098652098
2056,891f160a83bffff,"[68, 1, 84]",0.9944380489827517
4702,891f16196a3ffff,"[68, 1, 84]",0.9906995554281031
7899,891f1656b2fffff,"[68, 2, 85]",0.9903551289944751
10715,891f16c5a97ffff,"[68, 1, 84]",0.9937986334500477
10857,891f16c5e13ffff,"[68, 2, 85]",0.9901206906730787
